pv,ratio,av,seed,optimum,proven,ila,greedy,ila_pct,greedy_pct,pv_total_distance,ila_coverage,opt_coverage,n_binary,seconds
100,0.01,1,42,11.0,True,11.0,11.0,100.0,100.0,3534.0,0.311,0.311,612,0.05
100,0.01,1,43,138.0,True,134.0,134.0,97.101,97.101,3110.0,4.309,4.437,2342,0.1
100,0.01,1,44,129.0,True,129.0,129.0,100.0,100.0,3256.0,3.962,3.962,3286,0.16
100,0.01,1,45,72.0,True,72.0,72.0,100.0,100.0,3019.0,2.385,2.385,2658,0.1
100,0.01,1,46,61.0,True,61.0,61.0,100.0,100.0,3071.0,1.986,1.986,4018,0.57
100,0.01,1,47,28.0,True,28.0,28.0,100.0,100.0,3394.0,0.825,0.825,1080,0.03
100,0.01,1,48,20.0,True,20.0,20.0,100.0,100.0,2995.0,0.668,0.668,1462,0.24
100,0.01,1,49,108.0,True,108.0,108.0,100.0,100.0,3106.0,3.477,3.477,3210,0.3
100,0.01,1,50,74.0,True,70.0,70.0,94.595,94.595,3242.0,2.159,2.283,2806,0.6
100,0.01,1,51,189.0,True,189.0,189.0,100.0,100.0,3426.0,5.517,5.517,5718,0.61
100,0.02,2,42,36.0,True,36.0,36.0,100.0,100.0,3464.0,1.039,1.039,2894,0.45
100,0.02,2,43,276.0,True,272.0,272.0,98.551,98.551,3049.0,8.921,9.052,7320,1.7
100,0.02,2,44,139.0,True,139.0,139.0,100.0,100.0,3053.0,4.553,4.553,3338,0.29
100,0.02,2,45,102.0,True,102.0,102.0,100.0,100.0,3124.0,3.265,3.265,3524,1.01
100,0.02,2,46,112.0,True,112.0,112.0,100.0,100.0,3132.0,3.576,3.576,5134,0.74
100,0.02,2,47,100.0,True,100.0,100.0,100.0,100.0,3439.0,2.908,2.908,3358,0.12
100,0.02,2,48,74.0,True,74.0,74.0,100.0,100.0,3038.0,2.436,2.436,3334,0.36
100,0.02,2,49,261.0,True,261.0,261.0,100.0,100.0,3112.0,8.387,8.387,6500,0.71
100,0.02,2,50,124.0,True,120.0,120.0,96.774,96.774,3157.0,3.801,3.928,6596,1.26
100,0.02,2,51,204.0,True,204.0,204.0,100.0,100.0,3448.0,5.916,5.916,7290,1.03
100,0.05,5,42,153.0,True,153.0,153.0,100.0,100.0,3335.0,4.588,4.588,5876,0.67
100,0.05,5,43,563.0,True,539.0,532.0,95.737,94.494,3057.0,17.632,18.417,15324,2.98
100,0.05,5,44,235.0,True,235.0,235.0,100.0,100.0,3155.0,7.448,7.448,7628,0.72
100,0.05,5,45,184.0,True,184.0,184.0,100.0,100.0,3126.0,5.886,5.886,9678,1.41
100,0.05,5,46,315.0,True,315.0,315.0,100.0,100.0,3202.0,9.838,9.838,10082,1.51
100,0.05,5,47,472.0,True,472.0,472.0,100.0,100.0,3425.0,13.781,13.781,12478,1.88
100,0.05,5,48,162.0,True,162.0,162.0,100.0,100.0,3118.0,5.196,5.196,6088,0.66
100,0.05,5,49,364.0,True,364.0,364.0,100.0,100.0,3256.0,11.179,11.179,11212,2.65
100,0.05,5,50,461.0,True,455.0,455.0,98.698,98.698,3169.0,14.358,14.547,16160,2.25
100,0.05,5,51,595.0,True,594.0,594.0,99.832,99.832,3375.0,17.6,17.63,20536,5.44
100,0.1,10,42,310.0,True,310.0,310.0,100.0,100.0,3396.0,9.128,9.128,14504,2.78
100,0.1,10,43,837.0,True,819.0,812.0,97.849,97.013,3139.0,26.091,26.665,25006,27.41
100,0.1,10,44,768.0,True,735.0,730.0,95.703,95.052,3150.0,23.333,24.381,22032,28.27
100,0.1,10,45,729.0,True,727.0,726.0,99.726,99.588,3104.0,23.421,23.486,25686,7.32
100,0.1,10,46,660.0,True,660.0,660.0,100.0,100.0,3091.0,21.352,21.352,24302,7.33
100,0.1,10,47,787.0,True,787.0,787.0,100.0,100.0,3260.0,24.141,24.141,23356,7.73
100,0.1,10,48,416.0,True,416.0,415.0,100.0,99.76,3116.0,13.35,13.35,15728,4.25
100,0.1,10,49,832.0,True,827.0,813.0,99.399,97.716,3119.0,26.515,26.675,23356,12.05
100,0.1,10,50,808.0,True,797.0,796.0,98.639,98.515,3187.0,25.008,25.353,27692,23.53
100,0.1,10,51,796.0,True,795.0,795.0,99.874,99.874,3357.0,23.682,23.712,26318,14.46
100,0.2,20,42,983.0,True,975.0,975.0,99.186,99.186,3212.0,30.355,30.604,38432,140.43
100,0.2,20,43,1647.0,True,1573.0,1560.0,95.507,94.718,3158.0,49.81,52.153,46672,590.76
100,0.2,20,44,1367.0,True,1308.0,1303.0,95.684,95.318,3184.0,41.08,42.933,49628,351.5
100,0.2,20,45,1139.0,False,1125.0,1124.0,98.771,98.683,3083.0,36.49,36.945,38322,507.01
100,0.2,20,46,inf,False,1592.0,1601.0,0.0,0.0,2991.0,53.226,inf,54072,455.23
100,0.2,20,47,1873.0,False,1828.0,1823.0,97.597,97.33,3237.0,56.472,57.862,53094,1086.58
100,0.2,20,48,1221.0,True,1214.0,1208.0,99.427,98.935,3214.0,37.772,37.99,46438,217.38
100,0.2,20,49,1394.0,True,1368.0,1346.0,98.135,96.557,2991.0,45.737,46.606,40500,113.12
100,0.2,20,50,1291.0,False,1270.0,1264.0,98.373,97.909,3139.0,40.459,41.128,45420,937.75
100,0.2,20,51,1324.0,False,1291.0,1293.0,97.508,97.659,3053.0,42.286,43.367,50216,944.15
100,0.01,1,52,39.0,True,39.0,39.0,100.0,100.0,3211.0,1.215,1.215,1002,0.03
100,0.01,1,53,26.0,True,26.0,26.0,100.0,100.0,3209.0,0.81,0.81,688,0.02
100,0.01,1,54,198.0,True,198.0,198.0,100.0,100.0,3111.0,6.365,6.365,5030,0.35
100,0.01,1,55,35.0,True,35.0,35.0,100.0,100.0,3544.0,0.988,0.988,2140,0.19
100,0.01,1,56,20.0,True,20.0,20.0,100.0,100.0,3028.0,0.661,0.661,620,0.01
100,0.02,2,52,89.0,True,89.0,89.0,100.0,100.0,3127.0,2.846,2.846,2800,0.1
100,0.02,2,53,90.0,True,90.0,90.0,100.0,100.0,3175.0,2.835,2.835,3138,0.16
100,0.02,2,54,278.0,True,278.0,278.0,100.0,100.0,3123.0,8.902,8.902,8402,0.98
100,0.02,2,55,80.0,True,80.0,80.0,100.0,100.0,3584.0,2.232,2.232,3418,0.26
100,0.02,2,56,62.0,True,62.0,62.0,100.0,100.0,3032.0,2.045,2.045,1408,0.03
100,0.05,5,52,277.0,True,277.0,277.0,100.0,100.0,2946.0,9.403,9.403,10758,1.8
100,0.05,5,53,326.0,True,326.0,326.0,100.0,100.0,3271.0,9.966,9.966,10132,1.06
100,0.05,5,54,533.0,True,533.0,533.0,100.0,100.0,3131.0,17.023,17.023,16376,4.0
100,0.05,5,55,276.0,True,276.0,276.0,100.0,100.0,3557.0,7.759,7.759,13880,1.87
100,0.05,5,56,237.0,True,237.0,237.0,100.0,100.0,3033.0,7.814,7.814,10702,1.93
100,0.1,10,52,468.0,True,467.0,468.0,99.786,100.0,2957.0,15.793,15.827,20712,4.52
100,0.1,10,53,735.0,True,735.0,735.0,100.0,100.0,3256.0,22.574,22.574,23410,5.54
100,0.1,10,54,879.0,True,878.0,878.0,99.886,99.886,3104.0,28.286,28.318,30300,30.6
100,0.1,10,55,779.0,True,768.0,768.0,98.588,98.588,3409.0,22.529,22.851,27570,8.92
100,0.1,10,56,332.0,True,332.0,332.0,100.0,100.0,2950.0,11.254,11.254,15698,2.92
