window_s,t0,ratio,av,pv,optimum,proven,ila,greedy,ila_pct,greedy_pct,pv_total_distance,ila_coverage,opt_coverage,n_binary,seconds
300.0,0.0,0.01,1,100,22.0,True,22.0,22.0,100.0,100.0,4143.0,0.531,0.531,1144,0.02
300.0,300.0,0.01,1,100,134.0,True,134.0,134.0,100.0,100.0,4744.0,2.825,2.825,7806,1.1
300.0,600.0,0.01,1,100,86.0,True,86.0,86.0,100.0,100.0,4551.0,1.89,1.89,4718,1.67
300.0,900.0,0.01,1,100,160.0,True,160.0,160.0,100.0,100.0,4450.0,3.596,3.596,7942,1.45
300.0,1200.0,0.01,1,100,148.0,True,148.0,148.0,100.0,100.0,4213.0,3.513,3.513,6562,0.62
300.0,1500.0,0.01,1,100,134.0,True,134.0,134.0,100.0,100.0,4288.0,3.125,3.125,7180,0.71
300.0,1800.0,0.01,1,100,50.0,True,50.0,50.0,100.0,100.0,4566.0,1.095,1.095,2836,0.23
300.0,2100.0,0.01,1,100,38.0,True,38.0,38.0,100.0,100.0,4529.0,0.839,0.839,2146,0.11
300.0,2400.0,0.01,1,100,134.0,True,134.0,134.0,100.0,100.0,4463.0,3.002,3.002,7376,2.02
300.0,2700.0,0.01,1,100,90.0,True,90.0,90.0,100.0,100.0,4404.0,2.044,2.044,4894,0.52
300.0,3000.0,0.01,1,100,22.0,True,22.0,22.0,100.0,100.0,4595.0,0.479,0.479,1188,0.02
300.0,3300.0,0.01,1,100,38.0,True,38.0,38.0,100.0,100.0,4243.0,0.896,0.896,1798,0.08
300.0,0.0,0.02,2,100,278.0,True,278.0,278.0,100.0,100.0,4114.0,6.757,6.757,7124,1.11
300.0,300.0,0.02,2,100,82.0,True,82.0,82.0,100.0,100.0,4800.0,1.708,1.708,3318,0.15
300.0,600.0,0.02,2,100,178.0,True,178.0,178.0,100.0,100.0,4535.0,3.925,3.925,9076,1.54
300.0,900.0,0.02,2,100,370.0,True,358.0,358.0,96.757,96.757,4492.0,7.97,8.237,9692,1.47
300.0,1200.0,0.02,2,100,194.0,True,194.0,194.0,100.0,100.0,4274.0,4.539,4.539,5826,0.42
300.0,1500.0,0.02,2,100,314.0,True,314.0,314.0,100.0,100.0,4269.0,7.355,7.355,8576,0.9
300.0,1800.0,0.02,2,100,138.0,True,138.0,138.0,100.0,100.0,4594.0,3.004,3.004,4560,0.24
300.0,2100.0,0.02,2,100,460.0,True,460.0,460.0,100.0,100.0,4409.0,10.433,10.433,15576,15.49
300.0,2400.0,0.02,2,100,384.0,True,384.0,384.0,100.0,100.0,4493.0,8.547,8.547,10614,2.86
300.0,2700.0,0.02,2,100,306.0,True,306.0,306.0,100.0,100.0,4402.0,6.951,6.951,11896,8.99
300.0,3000.0,0.02,2,100,308.0,True,308.0,308.0,100.0,100.0,4528.0,6.802,6.802,10940,1.58
300.0,3300.0,0.02,2,100,76.0,True,76.0,76.0,100.0,100.0,4295.0,1.769,1.769,1634,0.04
300.0,0.0,0.05,4,80,500.0,True,481.0,481.0,96.2,96.2,3206.0,15.003,15.596,13508,7.47
300.0,300.0,0.05,5,100,629.0,True,629.0,629.0,100.0,100.0,4775.0,13.173,13.173,22230,14.28
300.0,600.0,0.05,6,120,601.0,True,601.0,601.0,100.0,100.0,5225.0,11.502,11.502,33718,10.02
300.0,900.0,0.05,5,100,771.0,True,771.0,771.0,100.0,100.0,4416.0,17.459,17.459,24294,28.43
300.0,1200.0,0.05,5,100,445.0,True,445.0,445.0,100.0,100.0,4289.0,10.375,10.375,13386,1.5
300.0,1500.0,0.05,5,100,670.0,True,670.0,670.0,100.0,100.0,4347.0,15.413,15.413,19606,5.67
300.0,1800.0,0.05,5,100,513.0,True,513.0,513.0,100.0,100.0,4644.0,11.047,11.047,14196,6.25
300.0,2100.0,0.05,5,100,337.0,True,337.0,337.0,100.0,100.0,4506.0,7.479,7.479,11302,1.06
300.0,2400.0,0.05,5,100,698.0,True,698.0,698.0,100.0,100.0,4511.0,15.473,15.473,23220,18.21
300.0,2700.0,0.05,5,100,693.0,True,693.0,693.0,100.0,100.0,4412.0,15.707,15.707,23400,18.94
300.0,3000.0,0.05,5,100,605.0,True,605.0,605.0,100.0,100.0,4568.0,13.244,13.244,18600,7.86
300.0,3300.0,0.05,5,100,807.0,True,807.0,807.0,100.0,100.0,4202.0,19.205,19.205,26740,27.54
300.0,0.0,0.1,9,90,1267.0,True,1267.0,1267.0,100.0,100.0,3650.0,34.712,34.712,31008,81.99
300.0,300.0,0.1,10,100,2065.0,False,2005.0,2005.0,97.094,97.094,4657.0,43.053,44.342,62318,715.37
300.0,600.0,0.1,11,110,1360.0,True,1334.0,1334.0,98.088,98.088,4874.0,27.37,27.903,51398,189.69
300.0,900.0,0.1,10,100,1243.0,True,1243.0,1243.0,100.0,100.0,4539.0,27.385,27.385,36196,189.97
300.0,1200.0,0.1,10,100,1630.0,False,1535.0,1503.0,94.172,92.209,4119.0,37.266,39.573,44396,237.26
300.0,1500.0,0.1,11,110,1267.0,True,1267.0,1267.0,100.0,100.0,4748.0,26.685,26.685,52064,193.07
300.0,1800.0,0.1,10,100,1585.0,True,1578.0,1578.0,99.558,99.558,4531.0,34.827,34.981,51756,160.86
300.0,2100.0,0.1,10,100,998.0,True,998.0,998.0,100.0,100.0,4516.0,22.099,22.099,30040,14.6
300.0,2400.0,0.1,11,110,1276.0,True,1266.0,1266.0,99.216,99.216,5063.0,25.005,25.202,49606,100.85
300.0,2700.0,0.1,10,100,1039.0,True,1039.0,1039.0,100.0,100.0,4516.0,23.007,23.007,28742,33.28
300.0,3000.0,0.1,11,110,1258.0,True,1258.0,1258.0,100.0,100.0,4972.0,25.302,25.302,48964,137.11
300.0,3300.0,0.1,11,110,1125.0,True,1125.0,1125.0,100.0,100.0,4645.0,24.22,24.22,43852,36.72
300.0,0.0,0.2,17,85,2204.0,False,2197.0,2165.0,99.682,98.23,3459.0,63.515,63.718,55278,1076.98
300.0,300.0,0.2,19,95,2551.0,False,2551.0,2551.0,100.0,100.0,4525.0,56.376,56.376,91242,1295.77
300.0,600.0,0.2,21,105,2289.0,False,2289.0,2289.0,100.0,100.0,4692.0,48.785,48.785,88238,1155.89
300.0,900.0,0.2,19,95,1799.0,True,1799.0,1799.0,100.0,100.0,4380.0,41.073,41.073,62422,209.07
300.0,1200.0,0.2,18,90,2282.0,True,2257.0,2237.0,98.904,98.028,3872.0,58.29,58.936,57196,661.18
300.0,1500.0,0.2,20,100,2719.0,False,2683.0,2683.0,98.676,98.676,4281.0,62.672,63.513,91184,1381.4
300.0,1800.0,0.2,19,95,2653.0,False,2636.0,2627.0,99.359,99.02,4356.0,60.514,60.904,83998,1177.91
300.0,2100.0,0.2,18,90,2177.0,True,2177.0,2177.0,100.0,100.0,4075.0,53.423,53.423,62504,819.4
300.0,2400.0,0.2,20,100,3264.0,False,3156.0,3189.0,96.691,97.702,4420.0,71.403,73.846,105068,1734.72
300.0,2700.0,0.2,19,95,2197.0,True,2197.0,2197.0,100.0,100.0,4202.0,52.285,52.285,66038,995.57
300.0,3000.0,0.2,20,100,2364.0,False,2352.0,2360.0,99.492,99.831,4557.0,51.613,51.876,81930,1193.59
300.0,3300.0,0.2,20,100,2628.0,False,2580.0,2565.0,98.174,97.603,4217.0,61.181,62.319,76812,1240.54
