source,key,ratio,av,pv,proven,optimum,ila,refined,ila_pct,refined_pct,recovered_pp,accepted,iterations,seconds
synthetic,pv50_r0.01_s42,0.01,1,50,True,11.0,11.0,11,100.0,100.0,0.0,0,600,0.01
synthetic,pv50_r0.01_s43,0.01,1,50,True,128.0,124.0,128,96.875,100.0,3.125,1,600,0.08
synthetic,pv50_r0.01_s44,0.01,1,50,True,129.0,129.0,129,100.0,100.0,0.0,0,600,0.1
synthetic,pv50_r0.01_s45,0.01,1,50,True,72.0,72.0,72,100.0,100.0,0.0,0,600,0.07
synthetic,pv50_r0.01_s46,0.01,1,50,True,61.0,61.0,61,100.0,100.0,0.0,0,600,0.07
synthetic,pv50_r0.01_s47,0.01,1,50,True,28.0,28.0,28,100.0,100.0,0.0,0,600,0.03
synthetic,pv50_r0.01_s48,0.01,1,50,True,20.0,20.0,20,100.0,100.0,0.0,0,600,0.02
synthetic,pv50_r0.01_s49,0.01,1,50,True,108.0,108.0,108,100.0,100.0,0.0,0,600,0.08
synthetic,pv50_r0.01_s50,0.01,1,50,True,73.0,66.0,72,90.411,98.63,8.219,3,600,0.05
synthetic,pv50_r0.01_s51,0.01,1,50,True,189.0,189.0,189,100.0,100.0,0.0,0,600,0.24
synthetic,pv50_r0.02_s42,0.02,1,50,True,11.0,11.0,11,100.0,100.0,0.0,0,600,0.01
synthetic,pv50_r0.02_s43,0.02,1,50,True,128.0,124.0,128,96.875,100.0,3.125,1,600,0.1
synthetic,pv50_r0.02_s44,0.02,1,50,True,129.0,129.0,129,100.0,100.0,0.0,0,600,0.17
synthetic,pv50_r0.02_s45,0.02,1,50,True,72.0,72.0,72,100.0,100.0,0.0,0,600,0.07
synthetic,pv50_r0.02_s46,0.02,1,50,True,61.0,61.0,61,100.0,100.0,0.0,0,600,0.07
synthetic,pv50_r0.02_s47,0.02,1,50,True,28.0,28.0,28,100.0,100.0,0.0,0,600,0.03
synthetic,pv50_r0.02_s48,0.02,1,50,True,20.0,20.0,20,100.0,100.0,0.0,0,600,0.02
synthetic,pv50_r0.02_s49,0.02,1,50,True,108.0,108.0,108,100.0,100.0,0.0,0,600,0.08
synthetic,pv50_r0.02_s50,0.02,1,50,True,73.0,66.0,72,90.411,98.63,8.219,3,600,0.06
synthetic,pv50_r0.02_s51,0.02,1,50,True,189.0,189.0,189,100.0,100.0,0.0,0,600,0.25
synthetic,pv50_r0.05_s42,0.05,2,50,True,36.0,36.0,36,100.0,100.0,0.0,0,600,0.04
synthetic,pv50_r0.05_s43,0.05,2,50,True,266.0,262.0,266,98.496,100.0,1.504,1,600,0.23
synthetic,pv50_r0.05_s44,0.05,2,50,True,139.0,135.0,139,97.122,100.0,2.878,2,600,0.08
synthetic,pv50_r0.05_s45,0.05,2,50,True,102.0,102.0,102,100.0,100.0,0.0,0,600,0.08
synthetic,pv50_r0.05_s46,0.05,2,50,True,112.0,112.0,112,100.0,100.0,0.0,0,600,0.08
synthetic,pv50_r0.05_s47,0.05,2,50,True,100.0,100.0,100,100.0,100.0,0.0,0,600,0.07
synthetic,pv50_r0.05_s48,0.05,2,50,True,74.0,74.0,74,100.0,100.0,0.0,0,600,0.05
synthetic,pv50_r0.05_s49,0.05,2,50,True,261.0,261.0,261,100.0,100.0,0.0,0,600,0.21
synthetic,pv50_r0.05_s50,0.05,2,50,True,123.0,114.0,122,92.683,99.187,6.504,4,600,0.11
synthetic,pv50_r0.05_s51,0.05,2,50,True,204.0,204.0,204,100.0,100.0,0.0,0,600,0.19
synthetic,pv50_r0.1_s42,0.1,5,50,True,153.0,153.0,153,100.0,100.0,0.0,0,600,0.21
synthetic,pv50_r0.1_s43,0.1,5,50,True,534.0,495.0,529,92.697,99.064,6.367,9,600,0.8
synthetic,pv50_r0.1_s44,0.1,5,50,True,235.0,235.0,235,100.0,100.0,0.0,0,600,0.27
synthetic,pv50_r0.1_s45,0.1,5,50,True,184.0,180.0,184,97.826,100.0,2.174,2,600,0.29
synthetic,pv50_r0.1_s46,0.1,5,50,True,315.0,308.0,315,97.778,100.0,2.222,2,600,0.39
synthetic,pv50_r0.1_s47,0.1,5,50,True,472.0,472.0,472,100.0,100.0,0.0,0,600,0.73
synthetic,pv50_r0.1_s48,0.1,5,50,True,162.0,162.0,162,100.0,100.0,0.0,0,600,0.19
synthetic,pv50_r0.1_s49,0.1,5,50,True,364.0,364.0,364,100.0,100.0,0.0,0,600,0.53
synthetic,pv50_r0.1_s50,0.1,5,50,True,460.0,439.0,456,95.435,99.13,3.696,6,600,0.67
synthetic,pv50_r0.1_s51,0.1,5,50,True,595.0,575.0,594,96.639,99.832,3.193,1,600,1.2
synthetic,pv50_r0.2_s42,0.2,10,50,True,310.0,310.0,310,100.0,100.0,0.0,0,600,0.82
synthetic,pv50_r0.2_s43,0.2,10,50,True,820.0,756.0,811,92.195,98.902,6.707,18,600,2.05
synthetic,pv50_r0.2_s44,0.2,10,50,True,768.0,718.0,759,93.49,98.828,5.339,10,600,2.08
synthetic,pv50_r0.2_s45,0.2,10,50,True,701.0,631.0,697,90.014,99.429,9.415,14,600,2.02
synthetic,pv50_r0.2_s46,0.2,10,50,True,654.0,633.0,645,96.789,98.624,1.835,4,600,2.01
synthetic,pv50_r0.2_s47,0.2,10,50,True,783.0,770.0,782,98.34,99.872,1.533,6,600,2.2
synthetic,pv50_r0.2_s48,0.2,10,50,True,412.0,405.0,412,98.301,100.0,1.699,3,600,0.91
synthetic,pv50_r0.2_s49,0.2,10,50,True,829.0,792.0,823,95.537,99.276,3.739,11,600,2.39
synthetic,pv50_r0.2_s50,0.2,10,50,True,808.0,768.0,807,95.05,99.876,4.827,10,600,2.34
synthetic,pv50_r0.2_s51,0.2,10,50,True,795.0,789.0,795,99.245,100.0,0.755,4,600,2.45
synthetic,pv50_r0.4_s42,0.4,20,50,True,980.0,945.0,964,96.429,98.367,1.939,4,600,5.08
synthetic,pv50_r0.4_s44,0.4,20,50,False,1333.0,1256.0,1296,94.224,97.224,3.001,9,600,8.34
synthetic,pv50_r0.4_s45,0.4,20,50,True,1002.0,916.0,973,91.417,97.106,5.689,10,600,4.74
synthetic,pv100_r0.01_s42,0.01,1,100,True,11.0,11.0,11,100.0,100.0,0.0,0,600,0.02
synthetic,pv100_r0.01_s43,0.01,1,100,True,138.0,134.0,138,97.101,100.0,2.899,2,600,0.16
synthetic,pv100_r0.01_s44,0.01,1,100,True,129.0,129.0,129,100.0,100.0,0.0,0,600,0.21
synthetic,pv100_r0.01_s45,0.01,1,100,True,72.0,72.0,72,100.0,100.0,0.0,0,600,0.13
synthetic,pv100_r0.01_s46,0.01,1,100,True,61.0,61.0,61,100.0,100.0,0.0,0,600,0.14
synthetic,pv100_r0.01_s47,0.01,1,100,True,28.0,28.0,28,100.0,100.0,0.0,0,600,0.05
synthetic,pv100_r0.01_s48,0.01,1,100,True,20.0,20.0,20,100.0,100.0,0.0,0,600,0.04
synthetic,pv100_r0.01_s49,0.01,1,100,True,108.0,108.0,108,100.0,100.0,0.0,0,600,0.17
synthetic,pv100_r0.01_s50,0.01,1,100,True,74.0,70.0,74,94.595,100.0,5.405,1,600,0.09
synthetic,pv100_r0.01_s51,0.01,1,100,True,189.0,189.0,189,100.0,100.0,0.0,0,600,0.46
synthetic,pv100_r0.02_s42,0.02,2,100,True,36.0,36.0,36,100.0,100.0,0.0,0,600,0.07
synthetic,pv100_r0.02_s43,0.02,2,100,True,276.0,272.0,276,98.551,100.0,1.449,3,600,0.42
synthetic,pv100_r0.02_s44,0.02,2,100,True,139.0,139.0,139,100.0,100.0,0.0,0,600,0.15
synthetic,pv100_r0.02_s45,0.02,2,100,True,102.0,102.0,102,100.0,100.0,0.0,0,600,0.14
synthetic,pv100_r0.02_s46,0.02,2,100,True,112.0,112.0,112,100.0,100.0,0.0,0,600,0.17
synthetic,pv100_r0.02_s47,0.02,2,100,True,100.0,100.0,100,100.0,100.0,0.0,0,600,0.12
synthetic,pv100_r0.02_s48,0.02,2,100,True,74.0,74.0,74,100.0,100.0,0.0,0,600,0.09
synthetic,pv100_r0.02_s49,0.02,2,100,True,261.0,261.0,261,100.0,100.0,0.0,0,600,0.4
synthetic,pv100_r0.02_s50,0.02,2,100,True,124.0,120.0,124,96.774,100.0,3.226,3,600,0.2
synthetic,pv100_r0.02_s51,0.02,2,100,True,204.0,204.0,204,100.0,100.0,0.0,0,600,0.35
synthetic,pv100_r0.05_s42,0.05,5,100,True,153.0,153.0,153,100.0,100.0,0.0,0,600,0.36
synthetic,pv100_r0.05_s43,0.05,5,100,True,563.0,539.0,558,95.737,99.112,3.375,5,600,2.39
synthetic,pv100_r0.05_s44,0.05,5,100,True,235.0,235.0,235,100.0,100.0,0.0,0,600,0.52
synthetic,pv100_r0.05_s45,0.05,5,100,True,184.0,184.0,184,100.0,100.0,0.0,0,600,0.59
synthetic,pv100_r0.05_s46,0.05,5,100,True,315.0,315.0,315,100.0,100.0,0.0,0,600,0.81
synthetic,pv100_r0.05_s47,0.05,5,100,True,472.0,472.0,472,100.0,100.0,0.0,0,600,1.36
synthetic,pv100_r0.05_s48,0.05,5,100,True,162.0,162.0,162,100.0,100.0,0.0,0,600,0.32
synthetic,pv100_r0.05_s49,0.05,5,100,True,364.0,364.0,364,100.0,100.0,0.0,0,600,0.99
synthetic,pv100_r0.05_s50,0.05,5,100,True,461.0,455.0,458,98.698,99.349,0.651,2,600,1.5
synthetic,pv100_r0.05_s51,0.05,5,100,True,595.0,594.0,595,99.832,100.0,0.168,1,600,2.33
synthetic,pv100_r0.1_s42,0.1,10,100,True,310.0,310.0,310,100.0,100.0,0.0,0,600,1.26
synthetic,pv100_r0.1_s43,0.1,10,100,True,837.0,819.0,830,97.849,99.164,1.314,5,600,4.15
synthetic,pv100_r0.1_s44,0.1,10,100,True,768.0,735.0,767,95.703,99.87,4.167,9,600,4.06
synthetic,pv100_r0.1_s45,0.1,10,100,True,729.0,727.0,727,99.726,99.726,0.0,0,600,4.78
synthetic,pv100_r0.1_s46,0.1,10,100,True,660.0,660.0,660,100.0,100.0,0.0,0,600,3.97
synthetic,pv100_r0.1_s47,0.1,10,100,True,787.0,787.0,787,100.0,100.0,0.0,0,600,4.78
synthetic,pv100_r0.1_s48,0.1,10,100,True,416.0,416.0,416,100.0,100.0,0.0,0,600,1.59
synthetic,pv100_r0.1_s49,0.1,10,100,True,832.0,827.0,831,99.399,99.88,0.481,2,600,4.35
synthetic,pv100_r0.1_s50,0.1,10,100,True,808.0,797.0,803,98.639,99.381,0.743,3,600,4.38
synthetic,pv100_r0.1_s51,0.1,10,100,True,796.0,795.0,796,99.874,100.0,0.126,1,600,4.26
synthetic,pv100_r0.2_s42,0.2,20,100,True,983.0,975.0,980,99.186,99.695,0.509,1,600,9.68
synthetic,pv100_r0.2_s43,0.2,20,100,True,1647.0,1573.0,1600,95.507,97.146,1.639,4,584,15.04
synthetic,pv100_r0.2_s44,0.2,20,100,True,1367.0,1308.0,1349,95.684,98.683,2.999,8,595,15.02
synthetic,pv100_r0.2_s45,0.2,20,100,False,1139.0,1125.0,1133,98.771,99.473,0.702,4,600,12.34
synthetic,pv100_r0.2_s47,0.2,20,100,False,1873.0,1828.0,1836,97.597,98.025,0.427,2,371,15.02
synthetic,pv100_r0.2_s48,0.2,20,100,True,1221.0,1214.0,1215,99.427,99.509,0.082,1,600,13.44
synthetic,pv100_r0.2_s49,0.2,20,100,True,1394.0,1368.0,1370,98.135,98.278,0.143,1,600,14.46
synthetic,pv100_r0.2_s50,0.2,20,100,False,1291.0,1270.0,1271,98.373,98.451,0.077,1,600,13.52
synthetic,pv100_r0.2_s51,0.2,20,100,False,1324.0,1291.0,1309,97.508,98.867,1.36,4,600,14.64
synthetic,pv50_r0.6_s42,0.6,30,50,False,1320.5,1190.0,1263,90.117,95.646,5.528,7,600,8.99
synthetic,pv50_r0.6_s43,0.6,30,50,False,1560.0,1513.0,1530,96.987,98.077,1.09,7,600,13.46
synthetic,pv50_r0.6_s45,0.6,30,50,True,1537.0,1482.0,1502,96.422,97.723,1.301,7,600,13.13
synthetic,pv50_r0.6_s46,0.6,30,50,True,1513.0,1469.0,1481,97.092,97.885,0.793,4,590,15.02
synthetic,pv50_r1.0_s42,1.0,50,50,True,1548.0,1519.0,1519,98.127,98.127,0.0,0,389,15.04
synthetic,pv50_r1.0_s43,1.0,50,50,True,1704.0,1685.0,1685,98.885,98.885,0.0,0,345,15.0
synthetic,pv50_r1.0_s44,1.0,50,50,True,1530.0,1528.0,1528,99.869,99.869,0.0,0,392,15.03
synthetic,pv50_r1.0_s45,1.0,50,50,False,1745.0,1717.0,1717,98.395,98.395,0.0,0,328,15.04
synthetic,pv50_r1.0_s46,1.0,50,50,True,1549.0,1541.0,1541,99.484,99.484,0.0,0,356,15.01
