pv,ratio,av,seed,tau,time_optimum,proven,greedy,ila,greedy_pct,ila_pct,spatial_optimum,invariant_ok,seconds
20,0.1,2,42,5.0,23.0,True,23.0,23.0,100.0,100.0,80.0,True,0.02
20,0.1,2,43,5.0,58.0,True,34.0,34.0,58.621,58.621,273.0,True,0.09
20,0.1,2,44,5.0,66.0,True,35.0,35.0,53.03,53.03,173.0,True,0.1
20,0.1,2,45,5.0,12.0,True,12.0,12.0,100.0,100.0,105.0,True,0.06
20,0.1,2,46,5.0,43.0,True,0.0,0.0,0.0,0.0,211.0,True,0.36
20,0.2,4,42,5.0,53.0,True,39.0,39.0,73.585,73.585,132.0,True,0.18
20,0.2,4,43,5.0,74.0,True,74.0,74.0,100.0,100.0,330.0,True,0.19
20,0.2,4,44,5.0,98.0,True,57.0,57.0,58.163,58.163,347.0,True,0.61
20,0.2,4,45,5.0,91.0,True,80.0,80.0,87.912,87.912,253.0,True,0.24
20,0.2,4,46,5.0,51.0,True,51.0,51.0,100.0,100.0,235.0,True,0.56
20,0.4,8,42,5.0,158.0,True,129.0,129.0,81.646,81.646,323.0,True,2.95
20,0.4,8,43,5.0,106.0,True,106.0,106.0,100.0,100.0,393.0,True,0.16
20,0.4,8,44,5.0,85.0,True,75.0,75.0,88.235,88.235,479.0,True,0.99
20,0.4,8,45,5.0,129.0,True,129.0,129.0,100.0,100.0,441.0,True,5.18
20,0.4,8,46,5.0,110.0,True,110.0,110.0,100.0,100.0,354.0,True,2.53
20,0.6,12,42,5.0,230.0,True,167.0,167.0,72.609,72.609,543.0,True,38.71
20,0.6,12,43,5.0,136.0,True,136.0,136.0,100.0,100.0,398.0,True,0.27
20,0.6,12,44,5.0,103.0,True,103.0,103.0,100.0,100.0,518.0,True,8.79
20,0.6,12,45,5.0,174.0,True,174.0,174.0,100.0,100.0,527.0,True,1.64
20,0.6,12,46,5.0,179.0,True,187.0,187.0,104.469,104.469,531.0,False,272.52
30,0.1,3,42,5.0,39.0,True,39.0,39.0,100.0,100.0,103.0,True,0.07
30,0.1,3,43,5.0,100.0,True,100.0,100.0,100.0,100.0,304.0,True,0.14
30,0.1,3,44,5.0,111.0,True,80.0,80.0,72.072,72.072,198.0,True,0.21
30,0.1,3,45,5.0,86.0,True,86.0,86.0,100.0,100.0,257.0,True,0.17
30,0.1,3,46,5.0,51.0,True,51.0,51.0,100.0,100.0,224.0,True,0.89
30,0.2,6,42,5.0,78.0,True,49.0,49.0,62.821,62.821,215.0,True,0.16
30,0.2,6,43,5.0,110.0,True,110.0,110.0,100.0,100.0,422.0,True,0.33
30,0.2,6,44,5.0,121.0,True,80.0,80.0,66.116,66.116,427.0,True,0.85
30,0.2,6,45,5.0,124.0,True,116.0,116.0,93.548,93.548,366.0,True,0.48
30,0.2,6,46,5.0,81.0,True,81.0,81.0,100.0,100.0,330.0,True,1.32
30,0.4,12,42,5.0,300.0,True,249.0,249.0,83.0,83.0,577.0,True,26.97
30,0.4,12,43,5.0,186.0,True,186.0,186.0,100.0,100.0,517.0,True,0.85
30,0.4,12,44,5.0,103.0,True,103.0,103.0,100.0,100.0,594.0,True,1.45
30,0.4,12,45,5.0,254.0,True,240.0,254.0,94.488,100.0,705.0,True,45.48
30,0.4,12,46,5.0,251.0,True,207.0,222.0,82.47,88.446,550.0,True,119.78
30,0.6,18,42,5.0,394.0,True,344.0,344.0,87.31,87.31,766.0,True,382.95
30,0.6,18,43,5.0,299.0,True,279.0,285.0,93.311,95.318,758.0,True,189.53
30,0.6,18,44,5.0,255.0,True,180.0,204.0,70.588,80.0,763.0,True,229.86
30,0.6,18,45,5.0,392.0,True,346.0,360.0,88.265,91.837,807.0,True,129.6
30,0.6,18,46,5.0,318.0,True,289.0,303.0,90.881,95.283,839.0,True,305.84
50,0.1,5,42,5.0,97.0,True,83.0,83.0,85.567,85.567,143.0,True,0.23
50,0.1,5,43,5.0,304.0,True,251.0,248.0,82.566,81.579,390.0,True,2.5
50,0.1,5,44,5.0,159.0,True,80.0,80.0,50.314,50.314,385.0,True,1.13
50,0.1,5,45,5.0,199.0,True,188.0,188.0,94.472,94.472,375.0,True,1.69
50,0.1,5,46,5.0,122.0,True,108.0,108.0,88.525,88.525,292.0,True,15.28
50,0.2,10,42,5.0,249.0,True,198.0,197.0,79.518,79.116,444.0,True,3.2
50,0.2,10,43,5.0,324.0,True,295.0,295.0,91.049,91.049,495.0,True,1.63
50,0.2,10,44,5.0,221.0,True,153.0,153.0,69.231,69.231,623.0,True,3.1
50,0.2,10,45,5.0,384.0,True,334.0,361.0,86.979,94.01,666.0,True,7.95
50,0.2,10,46,5.0,178.0,True,162.0,178.0,91.011,100.0,431.0,True,29.19
50,0.4,20,42,5.0,909.101,False,429.0,428.0,47.189,47.079,909.0,True,379.66
50,0.4,20,43,5.0,538.0,True,490.0,490.0,91.078,91.078,1008.0,True,42.87
50,0.4,20,44,5.0,474.0,True,282.0,282.0,59.494,59.494,963.0,True,36.39
50,0.4,20,45,5.0,inf,False,742.0,786.0,0.0,0.0,inf,True,600.18
50,0.4,20,46,5.0,541.0,True,513.0,520.0,94.824,96.118,1215.0,True,230.26
50,0.6,30,42,5.0,inf,False,629.0,653.0,0.0,0.0,inf,True,600.21
50,0.6,30,43,5.0,613.0,True,511.0,540.0,83.361,88.091,1258.0,True,313.33
50,0.6,30,44,5.0,707.0,True,605.0,636.0,85.573,89.958,1245.0,True,463.71
50,0.6,30,45,5.0,inf,False,1074.0,1085.0,0.0,0.0,inf,True,600.22
50,0.6,30,46,5.0,754.0,True,681.0,674.0,90.318,89.39,inf,True,325.4
20,0.1,2,47,5.0,31.0,True,31.0,31.0,100.0,100.0,112.0,True,0.04
20,0.1,2,48,5.0,17.0,True,17.0,17.0,100.0,100.0,68.0,True,0.02
20,0.1,2,49,5.0,26.0,True,0.0,0.0,0.0,0.0,134.0,True,0.03
20,0.1,2,50,5.0,59.0,True,59.0,59.0,100.0,100.0,96.0,True,0.03
20,0.1,2,51,5.0,128.0,True,110.0,110.0,85.937,85.937,378.0,True,2.94
20,0.2,4,47,5.0,57.0,True,57.0,57.0,100.0,100.0,222.0,True,0.27
20,0.2,4,48,5.0,30.0,True,20.0,27.0,66.667,90.0,169.0,True,0.06
20,0.2,4,49,5.0,48.0,True,22.0,22.0,45.833,45.833,219.0,True,0.06
20,0.2,4,50,5.0,73.0,True,73.0,73.0,100.0,100.0,215.0,True,0.06
20,0.2,4,51,5.0,189.0,True,123.0,123.0,65.079,65.079,559.0,True,49.47
20,0.4,8,47,5.0,101.0,True,101.0,101.0,100.0,100.0,490.0,True,1.45
20,0.4,8,48,5.0,113.0,True,105.0,105.0,92.92,92.92,317.0,True,0.24
20,0.4,8,49,5.0,74.0,True,74.0,74.0,100.0,100.0,402.0,True,0.21
20,0.4,8,50,5.0,139.0,True,139.0,139.0,100.0,100.0,458.0,True,0.43
20,0.4,8,51,5.0,136.0,True,103.0,103.0,75.735,75.735,637.0,True,3.78
20,0.6,12,47,5.0,214.0,True,181.0,181.0,84.579,84.579,552.0,True,2.27
20,0.6,12,48,5.0,183.0,True,180.0,180.0,98.361,98.361,479.0,True,5.45
20,0.6,12,49,5.0,145.0,True,145.0,145.0,100.0,100.0,523.0,True,0.97
20,0.6,12,50,5.0,147.0,True,130.0,130.0,88.435,88.435,534.0,True,1.32
20,0.6,12,51,5.0,238.0,True,190.0,190.0,79.832,79.832,728.0,True,173.1
30,0.1,3,47,5.0,44.0,True,44.0,44.0,100.0,100.0,123.0,True,0.1
30,0.1,3,48,5.0,17.0,True,17.0,17.0,100.0,100.0,88.0,True,0.04
30,0.1,3,49,5.0,36.0,True,10.0,10.0,27.778,27.778,172.0,True,0.1
30,0.1,3,50,5.0,60.0,True,54.0,54.0,90.0,90.0,108.0,True,0.06
30,0.1,3,51,5.0,216.0,True,187.0,161.0,86.574,74.537,450.0,True,7.81
30,0.2,6,47,5.0,126.0,True,119.0,119.0,94.444,94.444,352.0,True,1.1
30,0.2,6,48,5.0,103.0,True,95.0,95.0,92.233,92.233,284.0,True,0.31
30,0.2,6,49,5.0,147.0,True,108.0,108.0,73.469,73.469,405.0,True,0.54
30,0.2,6,50,5.0,147.0,True,141.0,141.0,95.918,95.918,532.0,True,1.27
30,0.2,6,51,5.0,260.0,True,170.0,170.0,65.385,65.385,632.0,True,43.07
30,0.4,12,47,5.0,223.0,True,181.0,181.0,81.166,81.166,644.0,True,5.19
30,0.4,12,48,5.0,236.0,True,230.0,230.0,97.458,97.458,542.0,True,4.83
30,0.4,12,49,5.0,211.0,True,211.0,211.0,100.0,100.0,687.0,True,27.76
30,0.4,12,50,5.0,205.0,True,188.0,188.0,91.707,91.707,682.0,True,4.62
30,0.4,12,51,5.0,318.0,True,207.0,207.0,65.094,65.094,987.0,True,301.91
30,0.6,18,47,5.0,323.0,True,264.0,264.0,81.734,81.734,804.0,True,302.51
30,0.6,18,48,5.0,221.0,True,191.0,179.0,86.425,80.995,696.0,True,4.19
30,0.6,18,49,5.0,340.0,True,300.0,297.0,88.235,87.353,800.0,True,243.65
30,0.6,18,50,5.0,385.0,True,356.0,356.0,92.468,92.468,799.0,True,17.72
30,0.6,18,51,5.0,349.0,True,237.0,237.0,67.908,67.908,1036.0,True,331.91
30,0.02,1,42,5.0,,True,0.0,0.0,,,11.0,False,0.01
30,0.02,1,43,5.0,19.0,True,19.0,19.0,100.0,100.0,119.0,True,0.02
30,0.02,1,44,5.0,35.0,True,35.0,35.0,100.0,100.0,128.0,True,0.05
30,0.02,1,45,5.0,12.0,True,12.0,12.0,100.0,100.0,72.0,True,0.03
30,0.02,1,46,5.0,51.0,True,51.0,51.0,100.0,100.0,61.0,True,0.12
30,0.05,2,42,5.0,23.0,True,23.0,23.0,100.0,100.0,80.0,True,0.02
30,0.05,2,43,5.0,97.0,True,73.0,73.0,75.258,75.258,275.0,True,0.09
30,0.05,2,44,5.0,66.0,True,35.0,35.0,53.03,53.03,176.0,True,0.1
30,0.05,2,45,5.0,12.0,True,12.0,12.0,100.0,100.0,110.0,True,0.05
30,0.05,2,46,5.0,51.0,True,51.0,51.0,100.0,100.0,211.0,True,0.78
50,0.02,1,42,5.0,,True,0.0,0.0,,,11.0,False,0.01
50,0.02,1,43,5.0,69.0,True,69.0,69.0,100.0,100.0,121.0,True,0.05
50,0.02,1,44,5.0,73.0,True,35.0,35.0,47.945,47.945,129.0,True,0.09
50,0.02,1,45,5.0,12.0,True,12.0,12.0,100.0,100.0,72.0,True,0.06
50,0.02,1,46,5.0,61.0,True,51.0,51.0,83.607,83.607,61.0,True,0.21
50,0.05,2,42,5.0,46.0,True,46.0,46.0,100.0,100.0,80.0,True,0.04
50,0.05,2,43,5.0,219.0,True,163.0,163.0,74.429,74.429,277.0,True,0.52
50,0.05,2,44,5.0,127.0,True,58.0,58.0,45.669,45.669,177.0,True,0.17
50,0.05,2,45,5.0,12.0,True,12.0,12.0,100.0,100.0,110.0,True,0.07
50,0.05,2,46,5.0,61.0,True,51.0,51.0,83.607,83.607,211.0,True,2.16
