algorithm,pv,ratio,av,seed,segments,towed,violations,multi_segment_pvs,towed_in_violating_pv
greedy,20,0.1,2,42,1,23,0,0,0
ILA,20,0.1,2,42,1,23,0,0,0
greedy,20,0.1,2,43,2,34,0,0,0
ILA,20,0.1,2,43,2,34,0,0,0
greedy,20,0.1,2,44,1,35,0,0,0
ILA,20,0.1,2,44,1,35,0,0,0
greedy,20,0.1,2,45,1,12,0,0,0
ILA,20,0.1,2,45,1,12,0,0,0
greedy,20,0.1,2,46,0,0,0,0,0
ILA,20,0.1,2,46,0,0,0,0,0
greedy,20,0.2,4,42,2,39,0,0,0
ILA,20,0.2,4,42,2,39,0,0,0
greedy,20,0.2,4,43,4,74,0,0,0
ILA,20,0.2,4,43,4,74,0,0,0
greedy,20,0.2,4,44,2,57,0,0,0
ILA,20,0.2,4,44,2,57,0,0,0
greedy,20,0.2,4,45,3,80,0,0,0
ILA,20,0.2,4,45,3,80,0,0,0
greedy,20,0.2,4,46,1,51,0,0,0
ILA,20,0.2,4,46,1,51,0,0,0
greedy,20,0.4,8,42,5,129,0,1,0
ILA,20,0.4,8,42,5,129,0,1,0
greedy,20,0.4,8,43,7,106,0,0,0
ILA,20,0.4,8,43,7,106,0,0,0
greedy,20,0.4,8,44,4,75,0,1,0
ILA,20,0.4,8,44,4,75,0,1,0
greedy,20,0.4,8,45,5,129,0,0,0
ILA,20,0.4,8,45,5,129,0,0,0
greedy,20,0.4,8,46,4,110,0,0,0
ILA,20,0.4,8,46,4,110,0,0,0
greedy,20,0.8,16,42,7,202,0,0,0
ILA,20,0.8,16,42,7,202,0,0,0
greedy,20,0.8,16,43,6,130,0,0,0
ILA,20,0.8,16,43,6,130,0,0,0
greedy,20,0.8,16,44,4,96,0,0,0
ILA,20,0.8,16,44,5,120,0,0,0
greedy,20,0.8,16,45,6,156,0,0,0
ILA,20,0.8,16,45,6,156,0,0,0
greedy,20,0.8,16,46,8,221,0,0,0
ILA,20,0.8,16,46,8,219,0,0,0
greedy,50,0.1,5,42,5,83,0,0,0
ILA,50,0.1,5,42,5,83,0,0,0
greedy,50,0.1,5,43,10,251,1,1,52
ILA,50,0.1,5,43,10,248,0,0,0
greedy,50,0.1,5,44,3,80,0,0,0
ILA,50,0.1,5,44,3,80,0,0,0
greedy,50,0.1,5,45,6,188,0,0,0
ILA,50,0.1,5,45,6,188,0,0,0
greedy,50,0.1,5,46,4,108,0,0,0
ILA,50,0.1,5,46,4,108,0,0,0
greedy,50,0.2,10,42,12,198,0,0,0
ILA,50,0.2,10,42,12,197,0,0,0
greedy,50,0.2,10,43,13,295,0,0,0
ILA,50,0.2,10,43,13,295,0,0,0
greedy,50,0.2,10,44,7,153,0,1,0
ILA,50,0.2,10,44,7,153,0,1,0
greedy,50,0.2,10,45,10,334,0,0,0
ILA,50,0.2,10,45,10,361,0,0,0
greedy,50,0.2,10,46,8,162,0,0,0
ILA,50,0.2,10,46,8,178,0,0,0
greedy,50,0.4,20,42,19,429,0,0,0
ILA,50,0.4,20,42,19,428,0,0,0
greedy,50,0.4,20,43,19,490,0,0,0
ILA,50,0.4,20,43,19,490,0,0,0
greedy,50,0.4,20,44,12,282,0,0,0
ILA,50,0.4,20,44,12,282,0,0,0
greedy,50,0.4,20,45,25,742,0,1,0
ILA,50,0.4,20,45,29,786,1,3,62
greedy,50,0.4,20,46,23,513,0,0,0
ILA,50,0.4,20,46,24,520,1,1,43
greedy,50,0.8,40,42,29,753,0,2,0
ILA,50,0.8,40,42,30,766,1,3,55
greedy,50,0.8,40,43,30,770,0,1,0
ILA,50,0.8,40,43,30,769,0,1,0
greedy,50,0.8,40,44,37,864,0,4,0
ILA,50,0.8,40,44,42,890,0,8,0
greedy,50,0.8,40,45,38,1179,0,3,0
ILA,50,0.8,40,45,43,1201,0,3,0
greedy,50,0.8,40,46,30,656,1,4,26
ILA,50,0.8,40,46,31,664,1,4,26
greedy,100,0.1,10,42,16,318,0,0,0
ILA,100,0.1,10,42,16,317,0,0,0
greedy,100,0.1,10,43,16,385,0,1,0
ILA,100,0.1,10,43,16,385,0,0,0
greedy,100,0.1,10,44,17,408,0,0,0
ILA,100,0.1,10,44,18,388,0,0,0
greedy,100,0.1,10,45,19,514,0,0,0
ILA,100,0.1,10,45,18,503,0,0,0
greedy,100,0.1,10,46,11,289,0,0,0
ILA,100,0.1,10,46,13,289,0,0,0
greedy,100,0.2,20,42,27,607,0,1,0
ILA,100,0.2,20,42,27,598,0,0,0
greedy,100,0.2,20,43,27,713,0,0,0
ILA,100,0.2,20,43,27,706,0,0,0
greedy,100,0.2,20,44,26,611,0,1,0
ILA,100,0.2,20,44,27,590,0,1,0
greedy,100,0.2,20,45,39,1159,0,0,0
ILA,100,0.2,20,45,45,1190,0,2,0
greedy,100,0.2,20,46,28,739,0,0,0
ILA,100,0.2,20,46,32,760,1,2,43
greedy,100,0.4,40,42,52,1244,1,4,34
ILA,100,0.4,40,42,53,1250,2,3,89
greedy,100,0.4,40,43,53,1281,0,3,0
ILA,100,0.4,40,43,60,1234,0,3,0
greedy,100,0.4,40,44,56,1289,0,5,0
ILA,100,0.4,40,44,63,1297,0,6,0
greedy,100,0.4,40,45,65,1790,0,2,0
ILA,100,0.4,40,45,72,1808,0,3,0
greedy,100,0.4,40,46,53,1250,2,9,82
ILA,100,0.4,40,46,58,1233,3,7,125
greedy,100,0.8,80,42,80,2073,2,8,106
ILA,100,0.8,80,42,89,2095,0,8,0
greedy,100,0.8,80,43,87,2364,1,6,50
ILA,100,0.8,80,43,97,2432,1,9,48
greedy,100,0.8,80,44,90,2132,0,7,0
ILA,100,0.8,80,44,91,2136,0,5,0
greedy,100,0.8,80,45,106,2823,3,16,157
ILA,100,0.8,80,45,109,2880,3,13,174
greedy,100,0.8,80,46,89,2124,4,14,208
ILA,100,0.8,80,46,95,2188,3,15,159
