num_av,num_pv,seed,ratio,greedy_old,greedy_new,ila_old,ila_new,gap_old,gap_new
10,1600,42,0.00625,0.8520074696545284,0.852,0.8520074696545284,0.852,0.0,0.0
10,1600,43,0.00625,1.0017429945028635,1.0017,1.0017429945028635,1.0017,0.0,0.0
10,1600,44,0.00625,1.2412368677139396,1.2412,1.2412368677139396,1.2412,0.0,0.0
10,1600,45,0.00625,1.2765463618428687,1.2765,1.2765463618428687,1.2765,0.0,0.0
10,800,42,0.0125,1.6679596586501164,1.668,1.6679596586501164,1.668,0.0,0.0
10,800,43,0.0125,2.0014654274806216,2.0015,2.0014654274806216,2.0015,0.0,0.0
10,800,44,0.0125,2.412951702234788,2.413,2.412951702234788,2.413,0.0,0.0
10,800,45,0.0125,2.45009755365451,2.4501,2.45009755365451,2.4501,0.0,0.0
20,1600,42,0.0125,1.8416313251612155,1.8416,1.8416313251612155,1.8416,0.0,0.0
20,1600,43,0.0125,2.143019986321149,2.143,2.143019986321149,2.143,0.0,0.0
20,1600,44,0.0125,2.074041914985989,2.074,2.074041914985989,2.074,0.0,0.0
20,1600,45,0.0125,2.9614721104082804,2.9615,2.9614721104082804,2.9615,0.0,0.0
10,400,42,0.025,3.3146111858239062,3.3146,3.3146111858239062,3.3146,0.0,0.0
10,400,43,0.025,4.098816427039479,4.0988,4.098816427039479,4.0988,0.0,0.0
10,400,44,0.025,4.817001180637544,4.817,4.817001180637544,4.817,0.0,0.0
10,400,45,0.025,4.722489099105758,4.7225,4.722489099105758,4.7225,0.0,0.0
20,800,42,0.025,3.6276206962877477,3.6276,3.6276206962877477,3.6276,0.0,0.0
20,800,43,0.025,4.173287930382141,4.1733,4.173287930382141,4.1733,0.0,0.0
20,800,44,0.025,4.022569377806779,4.0226,4.022569377806779,4.0226,0.0,0.0
20,800,45,0.025,5.691147516623945,5.6911,5.691147516623945,5.6911,0.0,0.0
40,1600,42,0.025,4.258693160106993,4.2587,4.260603744745892,4.2606,0.0019,0.0019
40,1600,43,0.025,4.2627572596560475,4.2628,4.264636782257307,4.2646,0.0019,0.0019
40,1600,44,0.025,3.993018520314166,3.993,3.993018520314166,3.993,0.0,0.0
40,1600,45,0.025,5.19286712758321,5.1929,5.19286712758321,5.1929,0.0,0.0
10,200,42,0.05,6.065318818040436,6.0653,6.065318818040436,6.0653,0.0,0.0
10,200,43,0.05,7.611093602269146,7.6111,7.611093602269146,7.6111,0.0,0.0
10,200,44,0.05,8.08941781923448,8.0894,8.346735284657445,8.3467,0.2573,0.2573
10,200,45,0.05,8.259911894273127,8.2599,8.259911894273127,8.2599,0.0,0.0
20,400,42,0.05,7.06618271681211,7.0662,7.089350528998378,7.0894,0.0232,0.0232
20,400,43,0.05,8.151797398198752,8.1518,8.205680855977215,8.2057,0.0539,0.0539
20,400,44,0.05,7.655539279932157,7.6555,7.732634338138926,7.7326,0.0771,0.0771
20,400,45,0.05,10.396853771898462,10.3969,10.418305327136219,10.4183,0.0215,0.0215
40,800,42,0.05,8.269404332129964,8.2694,8.269404332129964,8.2694,0.0,0.0
40,800,43,0.05,8.257830701527311,8.2578,8.257830701527311,8.2578,0.0,0.0
40,800,44,0.05,7.644712810764472,7.6447,7.644712810764472,7.6447,0.0,0.0
40,800,45,0.05,9.862061474964701,9.8621,9.869302342420621,9.8693,0.0072,0.0072
80,1600,42,0.05,8.886989165381257,8.887,8.886989165381257,8.887,0.0,0.0
80,1600,43,0.05,9.740521153564632,9.7405,9.760649978041283,9.7606,0.0201,0.0201
80,1600,44,0.05,8.603947936817985,8.6039,8.609582480326052,8.6096,0.0056,0.0056
80,1600,45,0.05,10.290877446351535,10.2909,10.303838249180693,10.3038,0.013,0.013
20,200,42,0.1,12.100181050090525,12.1002,12.235968617984309,12.236,0.1358,0.1358
20,200,43,0.1,14.503027617781717,14.503,14.48825875055383,14.4883,-0.0148,-0.0148
20,200,44,0.1,12.910689495603886,12.9107,13.419713095788987,13.4197,0.509,0.509
20,200,45,0.1,18.07465618860511,18.0747,18.271119842829076,18.2711,0.1965,0.1965
40,400,42,0.1,15.34954407294833,15.3495,15.335070198292083,15.3351,-0.0145,-0.0145
40,400,43,0.1,15.287874382087816,15.2879,15.360569933120093,15.2879,0.0727,0.0
40,400,44,0.1,14.220988015200234,14.221,14.242911429406607,14.2429,0.0219,0.0219
40,400,45,0.1,17.76537852173314,17.7654,17.758490046152787,17.7585,-0.0069,-0.0069
80,800,42,0.1,16.79065588499551,16.7907,16.82659478885894,16.8266,0.0359,0.0359
80,800,43,0.1,18.070327386107742,18.0703,18.12229343495583,18.1223,0.052,0.052
80,800,44,0.1,16.1250266089548,16.125,16.156957354715107,16.157,0.0319,0.0319
80,800,45,0.1,19.149530426282162,19.1495,19.23332053206717,19.2333,0.0838,0.0838
160,1600,42,0.1,17.140993087882634,17.141,17.149809564113415,17.1498,0.0088,0.0088
160,1600,43,0.1,17.4268659833284,17.4269,17.442528235560275,17.4425,0.0157,0.0157
160,1600,44,0.1,17.400374431666222,17.4004,17.455647677632165,17.4556,0.0553,0.0553
160,1600,45,0.1,18.497140530108535,18.4971,18.514846226030915,18.5148,0.0177,0.0177
20,100,42,0.2,16.499048654525687,16.499,16.25441696113074,16.2544,-0.2446,-0.2446
20,100,43,0.2,20.52980132450331,20.5298,20.328246472790095,20.3282,-0.2016,-0.2016
20,100,44,0.2,18.018283692126218,18.0183,17.39899734591566,17.399,-0.6193,-0.6193
20,100,45,0.2,28.54679802955665,28.5468,29.310344827586203,29.3103,0.7635,0.7635
40,200,42,0.2,24.168900804289546,24.1689,24.35656836461126,24.3566,0.1877,0.1877
40,200,43,0.2,24.09476376362902,24.0948,24.13514604926639,24.1351,0.0404,0.0404
40,200,44,0.2,23.94934595045923,23.9493,24.43640411912051,24.4364,0.4871,0.4871
40,200,45,0.2,29.23811856932876,29.2381,29.103380695737386,29.1034,-0.1347,-0.1347
80,400,42,0.2,27.85555410179249,27.8556,28.450870077194818,28.4509,0.5953,0.5953
80,400,43,0.2,31.333420570531274,31.3334,31.95498560586234,31.8896,0.6216,0.5561
80,400,44,0.2,27.612429526681524,27.6124,27.97954634849875,27.9795,0.3671,0.3671
80,400,45,0.2,32.29613733905579,32.2961,32.321383489017926,32.3214,0.0252,0.0252
160,800,42,0.2,30.767234387672342,30.7672,30.903487429034875,30.9035,0.1363,0.1363
160,800,43,0.2,30.190998487140696,30.191,30.594427634896622,30.5787,0.4034,0.3877
160,800,44,0.2,30.90173223247531,30.9017,31.257892180670225,31.2579,0.3562,0.3562
160,800,45,0.2,33.037346565682945,33.0373,33.49112039697049,33.4911,0.4538,0.4538
320,1600,42,0.2,34.29098788219244,34.291,34.41938849209534,34.4194,0.1284,0.1284
320,1600,43,0.2,31.551740953867164,31.5355,31.676907571767615,31.6769,0.1252,0.1414
320,1600,44,0.2,33.695972254032654,33.696,33.94954683767955,33.9495,0.2536,0.2536
320,1600,45,0.2,32.441771388522156,32.4401,32.62921128551171,32.6292,0.1874,0.1891
20,50,42,0.4,18.294243070362473,18.2942,18.251599147121535,18.2516,-0.0426,-0.0426
20,50,43,0.4,23.1023102310231,23.1023,23.1023102310231,23.1023,0.0,0.0
20,50,44,0.4,14.329268292682926,14.3293,14.329268292682926,14.3293,0.0,0.0
20,50,45,0.4,33.03650934995548,33.0365,34.99554764024933,34.4167,1.959,1.3802
80,200,42,0.4,38.781541259377136,38.6565,39.25892248238236,39.2589,0.4774,0.6024
80,200,43,0.4,44.81919716908106,44.7528,44.067234324892176,44.023,-0.752,-0.7298
80,200,44,0.4,37.55293579031704,37.5529,37.87341192629049,37.759,0.3205,0.206
80,200,45,0.4,45.05886164812615,44.9293,45.015660438492276,45.0157,-0.0432,0.0864
160,400,42,0.4,44.89617486338798,44.6995,45.868852459016395,45.8689,0.9727,1.1694
160,400,43,0.4,45.26298595230317,45.1378,45.829249700533595,45.8292,0.5663,0.6915
160,400,44,0.4,43.72785258681786,43.6079,45.47238728670337,45.287,1.7445,1.6791
160,400,45,0.4,48.3245729303548,48.2589,49.50722733245729,49.3484,1.1827,1.0896
320,800,42,0.4,52.411901823666526,52.3708,53.571918277800634,53.465,1.16,1.0942
320,800,43,0.4,48.500920012988416,48.4197,49.66717177183678,49.6672,1.1663,1.2474
320,800,44,0.4,52.003757044458354,51.9924,53.24756645983947,53.1736,1.2438,1.1812
320,800,45,0.4,50.96336653329928,50.9378,52.39635651655742,52.3595,1.433,1.4216
80,100,42,0.8,36.859886201991465,36.2198,37.25106685633001,37.2511,0.3912,1.0313
80,100,43,0.8,42.60994953136265,42.3937,43.83561643835616,43.6554,1.2257,1.2617
80,100,44,0.8,40.188501413760605,40.1885,40.263901979264844,40.2639,0.0754,0.0754
80,100,45,0.8,45.84280610587853,45.4044,46.76843130886652,46.1189,0.9256,0.7145
160,200,42,0.8,45.43394911118857,45.3991,45.95677936563263,45.8522,0.5228,0.4531
160,200,43,0.8,46.94155733515079,46.9416,48.100187425455786,48.1002,1.1586,1.1586
160,200,44,0.8,45.336922542549495,45.2327,45.90135463702675,45.5974,0.5644,0.3647
160,200,45,0.8,48.29201805945992,48.2068,49.586847261265866,49.5017,1.2948,1.2948
320,400,42,0.8,50.53417911693515,50.4924,51.75694850179451,51.7069,1.2228,1.2144
320,400,43,0.8,51.06347062795409,51.0213,52.5278528021607,52.3,1.4644,1.2787
320,400,44,0.8,51.08098833218943,51.0124,52.46225120109814,52.2649,1.3813,1.2526
320,400,45,0.8,51.34189031505251,51.2511,52.30995289338346,52.1717,0.9681,0.9205
80,50,42,1.6,27.73493975903614,27.3735,28.337349397590362,27.8795,0.6024,0.506
80,50,43,1.6,29.860583016476554,29.8606,30.24081115335868,30.2408,0.3802,0.3802
80,50,44,1.6,27.49158684959876,27.4916,27.49158684959876,27.4916,0.0,0.0
80,50,45,1.6,32.21348582320706,32.2135,32.97593519180367,32.9759,0.7624,0.7624
160,100,42,1.6,34.99174722942702,34.6381,35.475123791558595,35.1214,0.4834,0.4834
160,100,43,1.6,35.37163333718645,35.0595,35.764651485377414,35.6491,0.393,0.5895
160,100,44,1.6,36.3431151241535,36.2243,36.5094451704883,36.5094,0.1663,0.2851
160,100,45,1.6,33.96586704857382,33.7391,34.58646616541353,34.3597,0.6206,0.6206
320,200,42,1.6,37.54992582448933,37.5499,37.60127810110693,37.6013,0.0514,0.0514
320,200,43,1.6,36.77811550151976,36.7781,36.93903093152154,36.8794,0.1609,0.1013
320,200,44,1.6,37.400153837051064,37.4002,37.99775161233063,37.8557,0.5976,0.4556
320,200,45,1.6,36.894080809297286,36.8941,37.34569759739868,37.3457,0.4516,0.4516
160,50,42,3.2,22.798151891423622,22.5238,23.0580421599769,22.7837,0.2599,0.2599
160,50,43,3.2,22.4313838195143,22.4314,22.603822388274178,22.6038,0.1724,0.1724
160,50,44,3.2,23.961136023916293,23.9611,24.275037369207773,24.275,0.3139,0.3139
160,50,45,3.2,21.98654183733177,21.9865,21.95728496196606,21.9573,-0.0293,-0.0293
320,100,42,3.2,22.951871657754012,22.9519,22.96613190730838,22.9661,0.0143,0.0143
320,100,43,3.2,22.31411172092324,22.3141,22.42688519660176,22.4269,0.1128,0.1128
320,100,44,3.2,24.402755386193757,24.4028,24.410083540964386,24.4101,0.0073,0.0073
320,100,45,3.2,22.583075879737773,22.5831,22.65089292442167,22.6509,0.0678,0.0678
320,50,42,6.4,12.503050516554136,12.5031,12.5193199381762,12.5193,0.0163,0.0163
320,50,43,6.4,11.973887648170416,11.9739,11.879402164576533,11.8794,-0.0945,-0.0945
320,50,44,6.4,12.853011228308949,12.853,12.853011228308949,12.853,0.0,0.0
320,50,45,6.4,11.900655398413246,11.9007,11.900655398413246,11.9007,0.0,0.0
